<?xml version="1.0" encoding="UTF-8" standalone="yes"?>
<addon id="repository.butacavip" name="ButacaVIP Repository" version="1.0.0" provider-name="Eduard289">
    <extension point="xbmc.addon.repository" name="ButacaVIP Repository">
        <dir>
            <info compressed="false">https://raw.githubusercontent.com/Eduard289/repository.butacavip/main/addons.xml</info>
            <checksum>https://raw.githubusercontent.com/Eduard289/repository.butacavip/main/addons.xml.md5</checksum>
            <datadir zip="true">https://raw.githubusercontent.com/Eduard289/repository.butacavip/main/</datadir>
        </dir>
    </extension>
    <extension point="xbmc.addon.metadata">
        <summary>Repositorio Oficial ButacaVIP</summary>
        <description>Instala y actualiza tus addons automáticamente.</description>
        <platform>all</platform>
        <assets>
            <icon>icon.png</icon>
        </assets>
    </extension>
</addon>